{
    "red": {
        "ql": 1.0,
        "qh": 2592.0,
        "mean": 750.9102010056931,
        "median": 656.0,
        "pdf_parameters": [
            5.124483014997255,
            270.5865940353883,
            628.3532779371424
        ]
    },
    "green": {
        "ql": 40.0,
        "qh": 1848.0,
        "mean": 770.3894011957475,
        "median": 731.0,
        "pdf_parameters": [
            2.698606393359039,
            490.85693314898504,
            374.01342344076795
        ]
    },
    "blue": {
        "ql": 1.0,
        "qh": 1406.0,
        "mean": 577.6107225304773,
        "median": 544.0,
        "pdf_parameters": [
            2.8457698605476955,
            338.17550244340464,
            320.14146945623907
        ]
    },
    "nir": {
        "ql": 569.3896,
        "qh": 5622.0,
        "mean": 3343.508953109124,
        "median": 3431.0,
        "pdf_parameters": [
            -2.902545382494738,
            4569.476910062246,
            1601.264252288588
        ]
    },
    "re": {
        "ql": 582.0,
        "qh": 3217.0,
        "mean": 1941.1483862589587,
        "median": 1989.0,
        "pdf_parameters": [
            -2.097452328591512,
            2368.792047229057,
            594.9918559075597
        ]
    },
    "db": {
        "ql": 1.0,
        "qh": 1334.0,
        "mean": 530.8431959267828,
        "median": 503.0,
        "pdf_parameters": [
            3.3737100796478856,
            314.34145393410984,
            291.9125398735638
        ]
    }
}